{"stats":{"minecraft:used":{"waystones:waystone":1,"minecraft:spawner":1,"minecraft:ender_pearl":18,"minecraft:iron_helmet":1,"magistuarmory:knight_boots":1,"create_sa:slime_boots":1,"artifacts:eternal_steak":1,"minecraft:bedrock":1,"minecraft:diamond_chestplate":1,"minecraft:golden_apple":1,"minecraft:bow":7,"minecraft:skeleton_spawn_egg":1,"magistuarmory:knight_leggings":1,"create_sa:copper_exoskeleton_chestplate":2,"magistuarmory:knight_chestplate":1,"minecraft:diamond_leggings":1,"magistuarmory:armet":1},"minecraft:dropped":{"minecraft:spawner":1,"minecraft:dark_oak_door":1,"vanillaplustools:netherite_shovel":2,"minecraft:stone":1,"magistuarmory:knight_leggings":1,"magistuarmory:knight_boots":1,"magistuarmory:knight_chestplate":1,"minecraft:ender_pearl":1,"create_sa:brass_drone_item":1,"minecraft:netherite_boots":1,"minecraft:iron_helmet":1,"minecraft:cobblestone":47,"vanillaplustools:netherite_hammer":2,"create_sa:brass_drill_head":18,"artifacts:crystal_heart":1,"create_sa:slime_boots":1,"minecraft:granite":42,"minecraft:sandstone":93,"minecraft:sand":70,"minecraft:bow":1,"waystones:waystone":64,"create_sa:creative_filling_tank":2,"magistuarmory:armet":1,"minecraft:bedrock":1,"minecraft:skeleton_spawn_egg":1,"create_sa:drone_controller":1,"minecraft:golden_apple":2,"minecraft:cyan_carpet":3,"minecraft:red_carpet":4},"minecraft:custom":{"minecraft:time_since_rest":6402,"minecraft:waystone_activated":1,"minecraft:damage_taken":135,"minecraft:sprint_one_cm":17562,"minecraft:walk_one_cm":11370,"minecraft:drop":37,"minecraft:damage_dealt":250,"minecraft:swim_one_cm":346,"minecraft:fly_one_cm":333133,"minecraft:deaths":1,"minecraft:open_barrel":3,"minecraft:open_chest":22,"minecraft:crouch_one_cm":685,"minecraft:play_time":26222,"minecraft:sneak_time":486,"minecraft:walk_under_water_one_cm":67,"minecraft:jump":231,"minecraft:leave_game":4,"minecraft:walk_on_water_one_cm":1604,"minecraft:time_since_death":6371,"minecraft:climb_one_cm":1694,"minecraft:total_world_time":26222,"minecraft:fall_one_cm":752},"minecraft:mined":{"create:zinc_ore":5,"minecraft:tuff":64,"minecraft:deepslate_lapis_ore":1,"minecraft:granite":58,"minecraft:sand":357,"minecraft:stone":166,"minecraft:sandstone":126,"minecraft:deepslate":389},"minecraft:picked_up":{"minecraft:sandstone":93,"minecraft:stone":1,"create_sa:brass_drill_head":2,"minecraft:sand":70,"minecraft:tuff":51,"create:raw_zinc":4,"minecraft:red_carpet":4,"minecraft:cyan_carpet":3,"vanillaplustools:netherite_shovel":1,"minecraft:cobbled_deepslate":295,"minecraft:granite":42,"minecraft:cobblestone":111,"minecraft:dark_oak_door":1}},"DataVersion":3465}